[{"id":"4d49d341-d479-41a3-bab4-8ffdc2330a93","path":"/init.ipynb"},{"id":"d0490f20-3bf4-4ab8-ad27-0c6095419105","path":"//"},{"id":"8ba7638b-7d02-4aaa-abad-551d53dca02d","path":"/Exercise1/exercise1.ipynb"},{"id":"8906e550-9310-43ce-925a-37a08b09aeac","path":"/Exercise2/exercise2.ipynb"},{"id":"7455acaf-c689-4b48-9987-23e387451adb","path":"/submission.py"},{"id":"87d86821-fcb1-408f-8704-ff47d14b86ee","path":"/Exercise4/exercise4.ipynb"},{"id":"b8167e4d-1523-4b1a-a3f4-f0cf36129af2","path":"/Exercise2/Data/ex2data1.txt"},{"id":"053eaf0c-6f5b-4df2-b94f-47b5d1413a12","path":"/Exercise2/utils.py"},{"id":"97bd48af-27e3-4d1d-9aff-85f45eb21d40","path":"/Exercise3/exercise3.ipynb"},{"id":"a70c4123-928c-42f8-be44-db3045ebfc62","path":"/Exercise3/utils.py"},{"id":"6e133acb-5db8-402e-99cd-65fc810dcf55","path":"/Exercise1/utils.py"},{"id":"f59eb35b-fb1a-4502-8a54-30caf29b77f6","path":"/Exercise1/exercise_for_git.ipynb"},{"id":"21a48456-638f-4def-83af-37749040ca0f","path":"/Exercise2/exercise2_for_git.ipynb"},{"id":"03703ad3-1793-478e-97e1-cbd7fa757794","path":"/README.md"},{"id":"4f33394b-3aa4-4800-bc46-b8d8836ca70e","path":"/Exercise2/exercise2_git_hun.ipynb"},{"id":"3f4aa615-0837-44cb-9779-5885f07cd09d","path":"/Exercise3/exercise3-2.ipynb"},{"id":"43dadf4b-02b2-4c20-91cd-c0163dd4f016","path":"/Exercise4/utils.py"},{"id":"036e3387-232c-423e-b3ee-f26b08e65d13","path":"/Exercise5/exercise5.ipynb"},{"id":"8c194e19-40b5-418e-9257-7afe92916493","path":"/Exercise5/Data/ex5data1.mat"},{"id":"5694c92d-677b-4d3d-92a6-4d2943d69556","path":"/Exercise5/utils.py"},{"id":"000c2772-e7ea-4bce-8779-4eeb543ea2c6","path":"/Exercise5/exercise5-2.ipynb"},{"id":"b1de9925-b174-4d9b-9437-ef586de36245","path":"/Exercise6/exercise6.ipynb"},{"id":"559f5bac-af76-436e-9e0c-541f5655616b","path":"/Exercise6/utils.py"},{"id":"c0a3c54c-6863-459e-bb80-bf2c6edbe1a9","path":"/Exercise6/Data/emailSample1.txt"},{"id":"c47ca236-3f64-4f1e-8cb7-caca3c0670c2","path":"/Exercise6/Data/emailSample2.txt"},{"id":"595be839-cb21-4d2f-8a94-06054d301da0","path":"/Exercise6/Data/vocab.txt"},{"id":"e6ce26fd-250d-4fab-a65d-fecf277a44fb","path":"/Exercise6/exercise6_optional.ipynb"},{"id":"e9d918dd-c424-406a-9cd2-822884da9834","path":"/Exercise7/exercise7.ipynb"},{"id":"8cc6bbf8-52b3-4a24-8e3b-541606c2203a","path":"/Exercise7/utils.py"},{"id":"5f58d222-b38a-4c4c-be52-062fb3580fad","path":"/Exercise8/exercise8.ipynb"},{"id":"dc97e392-312f-453b-afed-7a2c438e43c8","path":"/Exercise8/utils.py"},{"id":"85201856-82c5-44d5-b64f-a1fa9c513689","path":"/Exercise8/Data/movie_ids.txt"}]